{
  "start_year": 2010,
  "end_year": 2024,
  "train_rows": 3796,
  "test_rows": 950,
  "positive_rows": 145,
  "auc": 0.5639546298279432,
  "classification_report": {
    "0": {
      "precision": 0.8547368421052631,
      "recall": 1.0,
      "f1-score": 0.9216799091940976,
      "support": 812.0
    },
    "1": {
      "precision": 0.0,
      "recall": 0.0,
      "f1-score": 0.0,
      "support": 138.0
    },
    "accuracy": 0.8547368421052631,
    "macro avg": {
      "precision": 0.42736842105263156,
      "recall": 0.5,
      "f1-score": 0.4608399545970488,
      "support": 950.0
    },
    "weighted avg": {
      "precision": 0.7305750692520775,
      "recall": 0.8547368421052631,
      "f1-score": 0.7877937750164287,
      "support": 950.0
    }
  },
  "feature_names": [
    "station_count",
    "mean_level",
    "max_level",
    "p90_level",
    "mean_flow",
    "max_flow",
    "delta_mean_level_1d",
    "delta_max_level_1d",
    "delta_mean_level_2d",
    "prev_mean_level",
    "prev_max_level"
  ],
  "last_training_day": "2022-12-31"
}